ru,kk,где
"konaev.tv — кабельное телевидение Конаева","konaev.tv — Қонаевтың кабельдік теледидары","Заставка и вкладка"
"эфир скоро начнётся","эфир жақында басталады","Заставка и вкладка"
"Настроечная таблица","Баптау кестесі","Каналы, кнопки, бегущая строка"
"С полуночи до шести утра сайт показывает её сам и советует спать. Заявки принимаем и ночью, перезвоним утром.","Түн ортасынан таңғы алтыға дейін сайт оны өзі көрсетіп, ұйықтауға кеңес береді. Өтінімдерді түнде де қабылдаймыз, таңертең хабарласамыз.","Каналы, кнопки, бегущая строка"
"Эфир окончен","Эфир аяқталды","Каналы, кнопки, бегущая строка"
"В Конаеве ночь. Идите спать. Если очень нужно, переключите канал: заявку примем и ночью, перезвоним утром.","Қонаевта түн. Ұйықтаңыз. Қатты қажет болса, арнаны ауыстырыңыз: өтінімді түнде де қабылдаймыз, таңертең хабарласамыз.","Каналы, кнопки, бегущая строка"
"Досмотри","Бір нәрсені","Каналы, кнопки, бегущая строка"
"хоть что-нибудь","соңына дейін","Каналы, кнопки, бегущая строка"
"до конца.","көріп шық.","Каналы, кнопки, бегущая строка"
"Кабельное телевидение в Конаеве. 90 каналов. Не зависает, не просит пароль, не предлагает подписку.","Қонаевтағы кабельдік теледидар. 90 арна. Қатып қалмайды, құпиясөз сұрамайды, жазылым ұсынбайды.","Каналы, кнопки, бегущая строка"
"Листать здесь нечего. Переключайте каналы пультом.","Мұнда ақтаратын ештеңе жоқ. Арналарды пультпен ауыстырыңыз.","Каналы, кнопки, бегущая строка"
"Подключение без приложений","Қосымшасыз қосылу","Каналы, кнопки, бегущая строка"
"Напишите в WhatsApp или позвоните. Адрес и удобное время, больше ничего не нужно.","WhatsApp-қа жазыңыз немесе қоңырау шалыңыз. Мекенжай мен ыңғайлы уақыт — басқа ештеңе керек емес.","Каналы, кнопки, бегущая строка"
"Мастер приходит: [СРОК]. Работаем по всему Конаеву.","Шебер келеді: [МЕРЗІМ]. Бүкіл Қонаев бойынша жұмыс істейміз.","Каналы, кнопки, бегущая строка"
"Включаете телевизор. Он показывает. Всё.","Теледидарды қосасыз. Ол көрсетеді. Болды.","Каналы, кнопки, бегущая строка"
"Написать в WhatsApp","WhatsApp-қа жазу","Каналы, кнопки, бегущая строка"
"Позвонить [ТЕЛЕФОН]","Қоңырау шалу [ТЕЛЕФОН]","Каналы, кнопки, бегущая строка"
"Условия расскажем по телефону или в WhatsApp, это минута.","Шарттарын телефонмен немесе WhatsApp арқылы айтамыз, бір минуттық іс.","Каналы, кнопки, бегущая строка"
"Подключаете родителям?","Ата-анаңызға қосасыз ба?","Каналы, кнопки, бегущая строка"
"Им не нужно ничего устанавливать, обновлять и вспоминать. Одна кнопка на пульте, как было всегда.","Оларға ештеңе орнатудың, жаңартудың, есте сақтаудың қажеті жоқ. Пульттегі бір батырма — бұрынғыдай.","Каналы, кнопки, бегущая строка"
"Пенсионерам абонентская плата со скидкой. Мама больше не позвонит с вопросом, куда пропал ютуб.","Зейнеткерлерге абоненттік төлем жеңілдікпен. Анаңыз енді «ютуб қайда жоғалды?» деп қоңырау шалмайды.","Каналы, кнопки, бегущая строка"
"Подключить родителям","Ата-анаға қосу","Каналы, кнопки, бегущая строка"
"Не работает телевизор?","Теледидар істемей ме?","Каналы, кнопки, бегущая строка"
"Он включён в розетку? Мы не шутим. Хотя шутим. Но проверьте.","Розеткаға қосулы ма? Әзілдеп тұрған жоқпыз. Әзілдеп тұрмыз, әрине. Бірақ тексеріңіз.","Каналы, кнопки, бегущая строка"
"Кабель плотно сидит в гнезде антенны?","Кабель антенна ұясына мықтап кірген бе?","Каналы, кнопки, бегущая строка"
"Не показывает один канал или все сразу?","Бір арна көрсетпей ме, әлде бәрі бірден бе?","Каналы, кнопки, бегущая строка"
"Вызвать мастера","Шебер шақыру","Каналы, кнопки, бегущая строка"
"Предупреждение","Ескерту","Каналы, кнопки, бегущая строка"
"Три часа шортсов подряд сушат мозг. Это не медицинский факт. Это жизненный опыт.","Қатарынан үш сағат шортс миды кептіреді. Бұл медициналық факт емес. Бұл өмірлік тәжірибе.","Каналы, кнопки, бегущая строка"
"Вы на этом сайте уже","Сіз бұл сайттасыз:","Каналы, кнопки, бегущая строка"
"Попыток листать:","Ақтаруға әрекет:","Каналы, кнопки, бегущая строка"
"Уважаем.","Құрметтейміз.","Каналы, кнопки, бегущая строка"
"Рефлекс, мы понимаем.","Рефлекс, түсінеміз.","Каналы, кнопки, бегущая строка"
"Это уже привычка.","Бұл енді әдет.","Каналы, кнопки, бегущая строка"
"Вам точно нужен телевизор.","Сізге теледидар анық керек.","Каналы, кнопки, бегущая строка"
"Да, вы, скорее всего, пришли сюда из Инстаграма. Мы оценили иронию.","Иә, сіз мұнда, сірә, Инстаграмнан келдіңіз. Ирониясын бағаладық.","Каналы, кнопки, бегущая строка"
"Тоже вариант. Тогда хотя бы прогуляйтесь.","Бұл да жол. Онда кем дегенде серуендеп келіңіз.","Каналы, кнопки, бегущая строка"
"WhatsApp [НОМЕР НЕ ЗАДАН] и телефон [НОМЕР НЕ ЗАДАН] работают и с выключенным телевизором.","WhatsApp [НӨМІР БЕРІЛМЕГЕН] мен телефон [НӨМІР БЕРІЛМЕГЕН] теледидар өшік тұрса да жұмыс істейді.","Каналы, кнопки, бегущая строка"
"Чтобы включить, нажмите кнопку питания ещё раз.","Қосу үшін қуат батырмасын тағы басыңыз.","Каналы, кнопки, бегущая строка"
"ЗВУК","ДЫБЫС","Каналы, кнопки, бегущая строка"
"ВКЛ","ҚОСУ","Каналы, кнопки, бегущая строка"
"ВЫКЛ","ӨШІРУ","Каналы, кнопки, бегущая строка"
"Крутите ручку или свайпайте по экрану. Клац переключает канал.","Тұтқаны бұраңыз немесе экранды сипаңыз. Шырт — арна ауысады.","Каналы, кнопки, бегущая строка"
"главный","басты","Каналы, кнопки, бегущая строка"
"подключить","қосылу","Каналы, кнопки, бегущая строка"
"родителям","ата-анаға","Каналы, кнопки, бегущая строка"
"ремонт","жөндеу","Каналы, кнопки, бегущая строка"
"важное","маңызды","Каналы, кнопки, бегущая строка"
"эхо эфира","жаңғырық","Каналы, кнопки, бегущая строка"
"позвонить","қоңырау","Каналы, кнопки, бегущая строка"
"НОЧЬ","ТҮН","Каналы, кнопки, бегущая строка"
"ГЛАВНЫЙ","БАСТЫ","Каналы, кнопки, бегущая строка"
"ПОДКЛЮЧИТЬ","ҚОСЫЛУ","Каналы, кнопки, бегущая строка"
"РОДИТЕЛЯМ","АТА-АНАҒА","Каналы, кнопки, бегущая строка"
"РЕМОНТ","ЖӨНДЕУ","Каналы, кнопки, бегущая строка"
"ВАЖНОЕ","МАҢЫЗДЫ","Каналы, кнопки, бегущая строка"
"WHATSAPP: НОМЕР НЕ ЗАДАН","WHATSAPP: НӨМІР БЕРІЛМЕГЕН","Каналы, кнопки, бегущая строка"
"ТЕЛЕФОН: НОМЕР НЕ ЗАДАН","ТЕЛЕФОН: НӨМІР БЕРІЛМЕГЕН","Каналы, кнопки, бегущая строка"
"ЗАЯВКА: ФОРМА ЕЩЁ НЕ ПОДКЛЮЧЕНА","ӨТІНІМ: ФОРМА ӘЛІ ҚОСЫЛМАҒАН","Каналы, кнопки, бегущая строка"
"Переключатель каналов","Арна ауыстырғыш","Каналы, кнопки, бегущая строка"
"Громкость","Дыбыс деңгейі","Каналы, кнопки, бегущая строка"
"Питание","Қуат","Каналы, кнопки, бегущая строка"
"konaev.tv · КОНАЕВ · КАБЕЛЬНОЕ","konaev.tv · ҚОНАЕВ · КАБЕЛЬДІК","Каналы, кнопки, бегущая строка"
"Не просит пароль. Не предлагает подписку.","Құпиясөз сұрамайды. Жазылым ұсынбайды.","Каналы, кнопки, бегущая строка"
"У фильма есть сюжет. И конец.","Фильмнің сюжеті бар. Соңы да бар.","Каналы, кнопки, бегущая строка"
"Алгоритм не знает, чего вы хотите. Зато есть пульт.","Алгоритм не қалайтыныңызды білмейді. Есесіне пульт бар.","Каналы, кнопки, бегущая строка"
"Листать нечего. Придётся смотреть.","Ақтаратын ештеңе жоқ. Көруге тура келеді.","Каналы, кнопки, бегущая строка"
"Обновление не требуется. Никогда.","Жаңарту қажет емес. Ешқашан.","Каналы, кнопки, бегущая строка"
"Нет алгоритмов, которые выясняют, чем вы интересуетесь.","Немен қызығатыныңызды анықтайтын алгоритм жоқ.","Каналы, кнопки, бегущая строка"
"Не подглядывает за вами.","Сізді аңдымайды.","Каналы, кнопки, бегущая строка"
"Не слушает ваши разговоры.","Әңгімелеріңізді тыңдамайды.","Каналы, кнопки, бегущая строка"
"Эхо эфира","Жаңғырық","Канал «Эхо эфира»"
"Пока вы листали ленту, в мире:","Сіз лента ақтарып отырғанда, әлемде:","Канал «Эхо эфира»"
"Ещё эхо","Тағы жаңғырық","Канал «Эхо эфира»"
"На сегодня эха хватит.","Бүгінге жаңғырық жетеді.","Канал «Эхо эфира»"
"Мир подождёт. Телевизор тоже.","Әлем күте тұрады. Теледидар да.","Канал «Эхо эфира»"
"На главный","Басты арнаға","Канал «Эхо эфира»"
"км от Конаева","км Қонаевтан","Канал «Эхо эфира»"
"свет долетел бы за","жарық жетер еді:","Канал «Эхо эфира»"
"совсем рядом","жап-жақын","Канал «Эхо эфира»"
"прямо здесь","дәл осында","Канал «Эхо эфира»"
"далеко, но долетело","алыс, бірақ жетті","Канал «Эхо эфира»"
"ВЛАДЕЛЕЦ В ЭФИРЕ","ИЕСІ ЭФИРДЕ","Канал «Эхо эфира»"
"Заявки принимаем как обычно. Перезвонит после боя.","Өтінімдерді әдеттегідей қабылдаймыз. Ойыннан кейін хабарласады.","Канал «Эхо эфира»"
"Здесь будет трансляция.<br>Пока владелец не нажал кнопку, это макет.","Мұнда трансляция болады.<br>Иесі батырманы басқанша, бұл макет.","Канал «Эхо эфира»"
"осталось на сегодня:","бүгінге қалды:","Канал «Эхо эфира»"
"ЭХО ЭФИРА","ЖАҢҒЫРЫҚ","Канал «Эхо эфира»"
